<?xml version="1.0" encoding="UTF-8" standalone="yes"?>
<addon id="repository.repoprueba" name="[B]Repo [COLOR dodgerblue]PRUEBA[/COLOR][/B]" version="4.1" provider-name="[COLOR green]gtkingbuild[/COLOR]">
       <extension point="xbmc.addon.repository" name="PRUEBA Repo">
              <info>https://raw.githubusercontent.com/gtkingbuild/Repo-PRUEBA/master/addons.xml</info>
              <checksum>https://raw.githubusercontent.com/gtkingbuild/Repo-PRUEBA/master/addons.xml.md5</checksum>
              <datadir zip="true">https://raw.githubusercontent.com/gtkingbuild/Repo-PRUEBA/master/</datadir>
       </extension>
       <extension point="xbmc.addon.metadata">
              <summary lang="en">Repo [COLOR dodgerblue]PRUEBA[/COLOR] </summary>
              <description lang="en">Repositorio de addons [COLOR dodgerblue]PRUEBA[/COLOR]</description>
              <disclaimer>Esta Repo recoge los addons que hay por la Red.</disclaimer>
              <platform>all</platform>
       </extension>
</addon>
