<?xml version="1.0" encoding="UTF-8" standalone="yes"?>
<addon id="repository.repoprueba" name="[B][COLOR ff1e90ff]PRUEBA[/COLOR] [COLOR gold]Repo[/COLOR][/B]" version="4.0" provider-name="[COLOR green]gtkingbuild[/COLOR]">
       <extension point="xbmc.addon.repository" name="PRUEBA Repo">
              <info>https://raw.githubusercontent.com/gtkingbuild/Repo-PRUEBA/master/addons.xml</info>
              <checksum>https://raw.githubusercontent.com/gtkingbuild/Repo-PRUEBA/master/addons.xml.md5</checksum>
              <datadir zip="true">https://raw.githubusercontent.com/gtkingbuild/Repo-PRUEBA/master/</datadir>
       </extension>
       <extension point="xbmc.addon.metadata">
              <summary>[COLOR ff1e90ff]PRUEBA[/COLOR] [COLOR gold]Repo[/COLOR]</summary>
              <description lang="es">Repositorio de addons [COLOR ff1e90ff]PRUEBA[/COLOR]</description>
              <disclaimer>Esta Repo recoge los addon que hay por la Red.</disclaimer>
              <platform>all</platform>
       </extension>
</addon>
